title,login,first_name,last_name,create_time,count
 ,mjohn,John,M,08-01-2025 16:37,12
 ,dmarie,Marie,D,08-01-2025 16:35,7
 Ms,cmarie,Marie,C,08-01-2025 16:37,21
 Ms,smonika,Monika,S,08-01-2025 16:36,57
 Mr,fjohn,John,F,08-01-2025 16:35,4
 Ms,lstephie,Stephie,L,08-01-2025 16:31,21
 ,stony,Tony,S,07-01-2025 16:21,4
 ,praj,Raj,P,06-01-2025 07:05,221
 Mr,jsteve,Steve,J,08-01-2025 16:01,5
 Mr,gbill,Bill,G,01-01-2021 11:03,7
 ,melon,Elon,M,13-10-2024 14:23,89
 ,plarry,Larry,P,12-11-2024 14:46,76
 ,sbrin,Brin,S,11-09-2021 14:35,5
